{"cameraMode":{"drawMode":0,"name":"Shaded","section":"Shading Mode"},"sceneLighting":false,"audioPlay":false,"sceneViewState":{"m_AlwaysRefresh":false,"showFog":true,"showSkybox":false,"showFlares":true,"showImageEffects":true,"showParticleSystems":true,"showVisualEffectGraphs":true,"m_FxEnabled":true},"in2DMode":false,"pivot":{"x":12.737071990966797,"y":0.8016934394836426,"z":-2.901132106781006},"rotation":{"x":-0.10395478457212448,"y":0.762215256690979,"z":0.12641191482543946,"w":0.6264209747314453},"size":0.08313552290201187,"orthographic":false}