{"cameraMode":{"drawMode":0,"name":"Shaded","section":"Shading Mode"},"sceneLighting":false,"audioPlay":false,"sceneViewState":{"m_AlwaysRefresh":false,"showFog":true,"showSkybox":false,"showFlares":true,"showImageEffects":true,"showParticleSystems":true,"showVisualEffectGraphs":true,"m_FxEnabled":true},"in2DMode":false,"pivot":{"x":0.9691221714019775,"y":0.30090346932411196,"z":-2.2114572525024416},"rotation":{"x":0.031435202807188037,"y":0.6371697783470154,"z":-0.026007002219557763,"w":0.7696660757064819},"size":0.03832563757896423,"orthographic":false}